book_name,score,num,picturelink,publisher,publishyear,ISBN
        我亲爱的甜橙树      ,9.1,5388,https://img1.doubanio.com/view/subject/l/public/s4386309.jpg,天天出版社,2010,9.79E+12
        教父      ,9.1,13861,https://img3.doubanio.com/view/subject/l/public/s27227804.jpg, 江苏文艺出版社,2014,9.79E+12
        故事      ,9.2,7593,https://img1.doubanio.com/view/subject/l/public/s27598249.jpg, 天津人民出版社,2014,9.79E+12
        树上的男爵      ,9.1,17766,https://img1.doubanio.com/view/subject/l/public/s8972078.jpg, 译林出版社,2012,9.79E+12
        罗马人的故事2      ,9.2,2936,https://img1.doubanio.com/view/subject/l/public/s8859038.jpg, 中信出版社,2011,9.79E+12
        神秘岛全三册      ,9.2,2781,https://img1.doubanio.com/view/subject/l/public/s2660498.jpg, 中国青年出版社,1979,NULL
        罗杰99艾克罗伊德谋杀案      ,9,1634,https://img1.doubanio.com/view/subject/l/public/s26384097.jpg, 贵州人民出版社,1998,9.79E+12
        呼兰河传      ,9,2069,https://img3.doubanio.com/view/subject/l/public/s1934734.jpg, 中国青年出版社,2003,9.79E+12
        孽子      ,9.1,10902,https://img3.doubanio.com/view/subject/l/public/s6240330.jpg, 广西师范大学出版社,2010,9.79E+12
        木心作品八种      ,9.3,2121,https://img1.doubanio.com/view/subject/l/public/s6497767.jpg, 广西师范大学出版社,2009,9.79E+12
        灵魂的事      ,9,2999,https://img3.doubanio.com/view/subject/l/public/s1319265.jpg, 百花文艺出版社,2005,9.79E+12
        万物既聪慧又奇妙      ,9.2,3059,https://img3.doubanio.com/view/subject/l/public/s4404535.jpg, 中国城市出版社,2010,9.79E+12
        局外人      ,9,92848,https://img3.doubanio.com/view/subject/l/public/s4468484.jpg, 上海译文出版社,2010,9.79E+12
        荒原狼      ,9,5158,https://img3.doubanio.com/view/subject/l/public/s4477292.jpg, 上海译文出版社,2010,9.79E+12
        所罗门王的指环      ,9.2,1722,https://img3.doubanio.com/view/subject/l/public/s1032614.jpg, 中国和平出版社,1998,9.79E+12
        故道白云      ,9,1451,https://img1.doubanio.com/view/subject/l/public/s4051707.jpg, 线装书局,2007,9.79E+12
        中国哲学简史      ,9.2,2372,https://img3.doubanio.com/view/subject/l/public/s3825683.jpg, 生活·读书·新知三联书店,2009,9.79E+12
        经济学      ,9.3,1387,https://img9.doubanio.com/view/subject/l/public/s3297116.jpg, 人民邮电出版社,2008,9.79E+12
        史努比黄金50年      ,9.2,1734,https://img3.doubanio.com/view/subject/l/public/s1913020.jpg, 希望出版社,2001,9.79E+12
        365夜      ,9.3,4737,https://img9.doubanio.com/view/subject/l/public/s11191366.jpg, 少年儿童出版社,1981,NULL
        世说新语      ,9.1,1745,https://img3.doubanio.com/view/subject/l/public/s23925082.jpg, 中华书局,2007,9.79E+12
        银河帝国3：第二基地      ,9.2,5644,https://img3.doubanio.com/view/subject/l/public/s10393872.jpg, 江苏文艺出版社,2012,9.79E+12
        C专家编程      ,9.2,1923,https://img9.doubanio.com/view/subject/l/public/s5886086.jpg, 人民邮电出版社,2008,9.79E+12
        TCP/IP详解 卷1：协议      ,9.2,2058,https://img9.doubanio.com/view/subject/l/public/s1543906.jpg, 机械工业出版社,2000,9.79E+12
        基地前传2·迈向基地上下      ,9,2684,https://img3.doubanio.com/view/subject/l/public/s3001864.jpg, 天地出版社,2005,9.79E+12
        天真的人类学家      ,9,1754,https://img9.doubanio.com/view/subject/l/public/s1101376.jpg, 上海人民出版社,2003,9.79E+12
        温柔的夜      ,9.1,11601,https://img1.doubanio.com/view/subject/l/public/s2391798.jpg, 北京十月文艺出版社,2007,9.79E+12
        柏拉图的《会饮》      ,9.2,1325,https://img1.doubanio.com/view/subject/l/public/s1236859.jpg, 华夏出版社,2003,9.79E+12
        陶庵梦忆 西湖梦寻      ,9.3,3837,https://img3.doubanio.com/view/subject/l/public/s4039793.jpg, 上海古籍出版社,2001,9.79E+12
        热爱生命      ,9,3252,https://img1.doubanio.com/view/subject/l/public/s1234148.jpg, 北京燕山出版社,2000,9.79E+12
        飘      ,9.4,4426,https://img3.doubanio.com/view/subject/l/public/s3747710.jpg, 浙江文艺出版社,1988,9.79E+12
        额尔古纳河右岸      ,9,10471,https://img3.doubanio.com/view/subject/l/public/s3380714.jpg, 北京十月文艺出版社,2005,9.79E+12
        绿山墙的安妮      ,9.1,7072,https://img1.doubanio.com/view/subject/l/public/s1050548.jpg, 浙江文艺出版社,2003,9.79E+12
        深入理解计算机系统原书第2版      ,9.7,2391,https://img3.doubanio.com/view/subject/l/public/s4510534.jpg, 机械工业出版社,2011,9.79E+12
        陶渊明集      ,9.4,1516,https://img3.doubanio.com/view/subject/l/public/s4282642.jpg, 中华书局,1979,9.79E+12
        金刚经      ,9.5,4229,https://img3.doubanio.com/view/subject/l/public/s5881922.jpg, 中州古籍出版社,2007,9.79E+12
        小径分岔的花园      ,9.1,4757,https://img3.doubanio.com/view/subject/l/public/s29481580.jpg, 浙江文艺出版社,2002,9.79E+12
        梦里花落知多少      ,9.1,8852,https://img3.doubanio.com/view/subject/l/public/s6011774.jpg, 北京十月文艺出版社,2009,9.79E+12
        荷西 我爱你      ,9.2,2501,https://img1.doubanio.com/view/subject/l/public/s3067527.jpg, 中国妇女出版社,1986,NULL
        尼各马可伦理学      ,9.2,1980,https://img1.doubanio.com/view/subject/l/public/s1730749.jpg, 商务印书馆,2003,9.79E+12
        深度探索C++对象模型      ,9.1,1426,https://img3.doubanio.com/view/subject/l/public/s3301634.jpg, 华中科技大学出版社,2001,9.79E+12
        玻璃球游戏      ,9,2527,https://img1.doubanio.com/view/subject/l/public/s2623267.jpg, 上海译文出版社,2007,9.79E+12
        浪漫主义的根源      ,9.3,2515,https://img3.doubanio.com/view/subject/l/public/s3030362.jpg, 译林出版社,2008,9.79E+12
        吉祥纹莲花楼终篇之青龙·白虎      ,9.1,2497,https://img3.doubanio.com/view/subject/l/public/s4519614.jpg, 万卷出版公司,2010,9.79E+12
        中国少年儿童百科全书      ,9.1,2011,https://img3.doubanio.com/view/subject/l/public/s4026744.jpg, 浙江教育出版社,1997,9.79E+12
        中国少年儿童百科全书      ,9.2,4541,https://img3.doubanio.com/view/subject/l/public/s3959404.jpg, 浙江教育出版社,1994,9.79E+12
        枪炮、病菌与钢铁      ,8.9,2507,https://img1.doubanio.com/view/subject/l/public/s1041419.jpg, 上海译文出版社,2000,9.79E+12
        小兔彼得和他的朋友们全3册      ,9,1311,https://img1.doubanio.com/view/subject/l/public/s4042908.jpg, 安徽教育出版社,2009,9.79E+12
        鼠族一、二部      ,9.2,1672,https://img9.doubanio.com/view/subject/l/public/s4127826.jpg, 陕西师范大学出版社,2009,9.79E+12
        原动画基础教程      ,9.6,1605,https://img3.doubanio.com/view/subject/l/public/s2012844.jpg, 中国青年出版社,2006,9.79E+12
        中国史纲      ,9.1,1755,https://img9.doubanio.com/view/subject/l/public/s10170776.jpg, 上海古籍出版社,1999,9.79E+12
        美国讲稿      ,9,1221,https://img1.doubanio.com/view/subject/l/public/s3006149.jpg, 译林出版社,2008,9.79E+12
        精灵宝钻      ,9.2,1450,https://img3.doubanio.com/view/subject/l/public/s10596211.jpg, 译林出版社,2012,9.79E+12
        第二性Ⅱ      ,9.3,3267,https://img1.doubanio.com/view/subject/l/public/s6927618.jpg, 上海译文出版社,2011,9.79E+12
        隔江山色      ,9,1443,https://img3.doubanio.com/view/subject/l/public/s3934655.jpg, 生活·读书·新知三联书店,2009,9.79E+12
        大江东去共三部      ,8.9,5198,https://img3.doubanio.com/view/subject/l/public/s23593181.jpg, 长江文艺出版社,2009,9.79E+12
        半生缘      ,9.1,9188,https://img1.doubanio.com/view/subject/l/public/s10199588.jpg, 北京十月文艺出版社,2012,9.79E+12
        夜莺与玫瑰      ,9.2,1548,https://img1.doubanio.com/view/subject/l/public/s4296928.jpg, 外语教学与研究出版社,2010,9.79E+12
        金锁记      ,9.1,2251,https://img1.doubanio.com/view/subject/l/public/s1441609.jpg, 哈尔滨出版社,2005,9.79E+12
        勒·柯布西耶全集      ,9.3,1315,https://img3.doubanio.com/view/subject/l/public/s1399745.jpg, 中国建筑工业出版社,2005,9.79E+12
1453,9,4687,https://img3.doubanio.com/view/subject/l/public/s28039740.jpg, 社会科学文献出版社·甲骨文,2014,9.79E+12
        悲惨世界全三册      ,9.3,2939,https://img9.doubanio.com/view/subject/l/public/s4604906.jpg, 人民文学出版社,2003,9.79E+12
        编码      ,9.2,2866,https://img3.doubanio.com/view/subject/l/public/s4379914.jpg, 电子工业出版社,2010,9.79E+12
        古文观止      ,9.2,1258,https://img3.doubanio.com/view/subject/l/public/s2951515.jpg, 中华书局,1959,NULL
        说文解字      ,9.2,1760,https://img3.doubanio.com/view/subject/l/public/s1026024.jpg, 中华书局,1963,9.79E+12
        冰与火之歌·卷三·冰雨的风暴全三册      ,9.6,4718,https://img3.doubanio.com/view/subject/l/public/s10215071.jpg, 重庆出版社,2012,9.79E+12
        亲密关系      ,9,8770,https://img1.doubanio.com/view/subject/l/public/s4643548.jpg, 人民邮电出版社,2011,9.79E+12
        对伪心理学说不      ,9.2,4060,https://img1.doubanio.com/view/subject/l/public/s7649177.jpg, 人民邮电出版社,2012,9.79E+12
        我要做好孩子      ,9.1,1514,https://img3.doubanio.com/view/subject/l/public/s4107891.jpg, 江苏少年儿童出版社,1996,9.79E+12
        北方的空地      ,9.1,2325,https://img1.doubanio.com/view/subject/l/public/s6778118.jpg, 重庆出版社,2011,9.79E+12
        古拉格：一部历史      ,9.2,1996,https://img3.doubanio.com/view/subject/l/public/s26016760.jpg, 新星出版社,2013,9.79E+12
        皮皮鲁和鲁西西全传      ,9.3,1875,https://img9.doubanio.com/view/subject/l/public/s2745356.jpg, 四川少年儿童出版社,1989,9.79E+12
        失明症漫记      ,9,7602,https://img1.doubanio.com/view/subject/l/public/s27217828.jpg, 南海出版公司,2014,9.79E+12
        来自新世界 上下      ,9,6091,https://img1.doubanio.com/view/subject/l/public/s27251177.jpg, 上海译文出版社,2014,9.79E+12
        永恒的终结      ,9,19702,https://img3.doubanio.com/view/subject/l/public/s29555070.jpg, 江苏文艺出版社,2014,9.79E+12
        听音乐插图第6版      ,9.1,1391,https://img9.doubanio.com/view/subject/l/public/s3118506.jpg, 世界图书出版公司,2008,9.79E+12
        人类的群星闪耀时增订版      ,8.9,6816,https://img3.doubanio.com/view/subject/l/public/s24946251.jpg, 生活·读书·新知三联书店,2009,9.79E+12
        美的历程      ,9.2,11979,https://img3.doubanio.com/view/subject/l/public/s3893343.jpg, 生活·读书·新知三联书店,2009,9.79E+12
        众病之王      ,9.1,6645,https://img1.doubanio.com/view/subject/l/public/s24598159.jpg, 中信出版社,2013,9.79E+12
        人类简史      ,9.1,102847,https://img3.doubanio.com/view/subject/l/public/s27814883.jpg, 中信出版社,2014,9.79E+12
        最好的告别      ,9,18748,https://img3.doubanio.com/view/subject/l/public/s28355811.jpg, 浙江人民出版社,2015,9.79E+12
        强风吹拂      ,9,7984,https://img1.doubanio.com/view/subject/l/public/s27914268.jpg, 广西师范大学出版社,2016,9.79E+12
        火星救援      ,8.9,11031,https://img3.doubanio.com/view/subject/l/public/s28315660.jpg, 译林出版社,2015,9.79E+12
        文明之光第一册      ,9,3981,https://img1.doubanio.com/view/subject/l/public/s27307487.jpg, 人民邮电出版社,2014,9.79E+12
        四書章句集注      ,9.3,2203,https://img3.doubanio.com/view/subject/l/public/s32314514.jpg, 中华书局,1983,9.79E+12
        大盗贼      ,9.2,1304,https://img3.doubanio.com/view/subject/l/public/s1694523.jpg, 二十一世纪出版社,2004,9.79E+12
        霸王别姬      ,9.1,9289,https://img9.doubanio.com/view/subject/l/public/s24964086.jpg, 人民文学出版社,1999,9.79E+12
        重构      ,9,2052,https://img3.doubanio.com/view/subject/l/public/s1669771.jpg, 中国电力出版社,2003,9.79E+12
        易经      ,9,2034,https://img3.doubanio.com/view/subject/l/public/s2158672.jpg, 吉林文史出版社,2006,9.79E+12
        编程珠玑      ,9.1,2022,https://img3.doubanio.com/view/subject/l/public/s4687321.jpg, 人民邮电出版社,2008,9.79E+12
        宋词三百首      ,9.4,2675,https://img3.doubanio.com/view/subject/l/public/s1131431.jpg, 人民文学出版社,2004,9.79E+12
        战国策      ,9.1,1660,https://img3.doubanio.com/view/subject/l/public/s1587941.jpg, 山西古籍出版社,2003,9.79E+12
        敏捷软件开发      ,9,1372,https://img3.doubanio.com/view/subject/l/public/s1671095.jpg, 清华大学出版社,2003,9.79E+12
        牡丹亭      ,9,7566,https://img3.doubanio.com/view/subject/l/public/s1075414.jpg, 人民文学出版社,1963,9.79E+12
        宋词鉴赏辞典      ,9.4,1802,https://img3.doubanio.com/view/subject/l/public/s1367641.jpg, 上海辞书出版社,2003,9.79E+12
        老子注译及评介      ,9.2,2018,https://img1.doubanio.com/view/subject/l/public/s4011419.jpg, 中华书局,2009,9.79E+12
        中国古典园林分析      ,9.1,1844,https://img3.doubanio.com/view/subject/l/public/s1301823.jpg, 建筑工业出版社,1986,9.79E+12
        外部空间设计      ,9,1730,https://img3.doubanio.com/view/subject/l/public/s2146414.jpg, 中国建筑工业出版社,1985,9.79E+12
        莎士比亚全集全8册      ,9.4,2045,https://img3.doubanio.com/view/subject/l/public/s1540102.jpg, 译林出版社,1998,9.79E+12
        津巴多普通心理学      ,9.4,1799,https://img1.doubanio.com/view/subject/l/public/s3419538.jpg, 中国人民大学出版社,2008,9.79E+12
        Head First 设计模式中文版      ,9.2,2925,https://img9.doubanio.com/view/subject/l/public/s2686916.jpg, 中国电力出版社,2007,9.79E+12
        天龙八部      ,9.1,87216,https://img1.doubanio.com/view/subject/l/public/s23632058.jpg, 生活.读书.新知三联书店,1994,9.79E+12
        古文观止      ,9.1,11512,https://img3.doubanio.com/view/subject/l/public/s1325863.jpg, 中华书局,1987,9.79E+12
        计算机程序的构造和解释原书第2版      ,9.5,2235,https://img9.doubanio.com/view/subject/l/public/s1113106.jpg, 机械工业出版社,2004,9.79E+12
        期货市场技术分析      ,9.1,2172,https://img1.doubanio.com/view/subject/l/public/s2141099.jpg, 地震出版社,1994,9.79E+12
        聪明的投资者      ,9,4503,https://img3.doubanio.com/view/subject/l/public/s6462582.jpg, 人民邮电出版社,2010,9.79E+12
        穷查理宝典      ,8.9,9398,https://img1.doubanio.com/view/subject/l/public/s4532008.jpg, 上海人民出版社,2010,9.79E+12
        冬牧场      ,9,13808,https://img3.doubanio.com/view/subject/l/public/s8958901.jpg, 新星出版社,2012,9.79E+12
        蓝熊船长的13条半命      ,9.4,2147,https://img3.doubanio.com/view/subject/l/public/s1081342.jpg, 人民文学出版社,2002,9.79E+12
        万物既伟大又渺小      ,9,5135,https://img1.doubanio.com/view/subject/l/public/s4245447.jpg, 中国城市出版社,2010,9.79E+12
        阿城精选集      ,9.1,5592,https://img3.doubanio.com/view/subject/l/public/s8963180.jpg, 北京燕山出版社,2011,9.79E+12
        金刚经 心经 坛经      ,9.2,2524,https://img3.doubanio.com/view/subject/l/public/s10320050.jpg, 中华书局,2007,9.79E+12
        经济学      ,9.1,1752,https://img3.doubanio.com/view/subject/l/public/s1222291.jpg, 人民邮电出版社,2004,9.79E+12
        飞鸟集      ,9.1,3672,https://img1.doubanio.com/view/subject/l/public/s1665389.jpg, 上海译文出版社,1992,9.79E+12
        顾城的诗 顾城的画      ,9.1,5285,https://img1.doubanio.com/view/subject/l/public/s4084467.jpg, 江苏文艺出版社,2009,9.79E+12
        设计中的设计 | 全本      ,9.1,7386,https://img3.doubanio.com/view/subject/l/public/s4473054.jpg, 广西师范大学出版社,2010,9.79E+12
        佛教的见地与修道      ,9,2254,https://img1.doubanio.com/view/subject/l/public/s2183228.jpg, 甘肃民族出版社,2006,9.79E+12
        上学记      ,9,2455,https://img9.doubanio.com/view/subject/l/public/s5951026.jpg, 生活·读书·新知三联书店,2008,9.79E+12
        金蔷薇      ,9,2807,https://img3.doubanio.com/view/subject/l/public/s2358972.jpg, 上海译文出版社,2007,9.79E+12
        张国荣的时光      ,9,2695,https://img3.doubanio.com/view/subject/l/public/s24485803.jpg, 上海书店出版社,2011,9.79E+12
        岁朝清供      ,9.1,3682,https://img3.doubanio.com/view/subject/l/public/s4158862.jpg, 生活·读书·新知三联书店,2010,9.79E+12
        华夏意匠      ,9.2,2180,https://img1.doubanio.com/view/subject/l/public/s1852868.jpg, 天津大学出版社,2005,9.79E+12
        万物刹那又永恒      ,9.1,2077,https://img3.doubanio.com/view/subject/l/public/s4671512.jpg, 中国城市出版社,2011,9.79E+12
        发现之旅      ,9,3888,https://img1.doubanio.com/view/subject/l/public/s7045008.jpg, 商务印书馆,2012,9.79E+12
        論語譯註      ,9.1,2405,https://img1.doubanio.com/view/subject/l/public/s1670329.jpg, 中华书局,1980,9.79E+12
        中国文化要义      ,9,2443,https://img3.doubanio.com/view/subject/l/public/s1331483.jpg, 上海人民出版社,1990,9.79E+12
        中国法律与中国社会      ,9.2,1751,https://img9.doubanio.com/view/subject/l/public/s1558956.jpg, 中华书局,2003,9.79E+12
        庄子諵譁上      ,8.9,2430,https://img3.doubanio.com/view/subject/l/public/s5768703.jpg, 上海人民出版社,2007,9.79E+12
        古代汉语第一册      ,9.2,2640,https://img1.doubanio.com/view/subject/l/public/s9258438.jpg, 中华书局,1999,9.79E+12
        返璞归真      ,9.2,2014,https://img9.doubanio.com/view/subject/l/public/s2527436.jpg, 华东师范大学出版社,2007,9.79E+12
        费马大定理      ,9,2545,https://img1.doubanio.com/view/subject/l/public/s1331728.jpg, 上海译文出版社,2005,9.79E+12
        超越时空      ,9.1,3603,https://img3.doubanio.com/view/subject/l/public/s3980835.jpg, 上海科技教育出版社,2009,9.79E+12
        古詩源      ,9.3,1746,https://img1.doubanio.com/view/subject/l/public/s6847949.jpg, 中华书局,2006,9.79E+12
        此生未完成      ,8.9,13379,https://img3.doubanio.com/view/subject/l/public/s6343233.jpg, 湖南科技出版社,2011,9.79E+12
        惶然录      ,9,4326,https://img3.doubanio.com/view/subject/l/public/s1113041.jpg, 上海文艺出版社,1995,9.79E+12
        蒋勋说红楼梦第一辑      ,8.9,5953,https://img3.doubanio.com/view/subject/l/public/s6216343.jpg, 上海三联书店,2010,9.79E+12
        大问题      ,9,3858,https://img3.doubanio.com/view/subject/l/public/s4573783.jpg, 广西师范大学出版社,2011,9.79E+12
        阿莱夫      ,9.2,1911,https://img1.doubanio.com/view/subject/l/public/s2958527.jpg, 浙江文艺出版社,2008,9.79E+12
        杀死一只反舌鸟      ,9.1,3876,https://img3.doubanio.com/view/subject/l/public/s3658863.jpg, 译林出版社,2009,9.79E+12
        故事      ,9.2,5666,https://img9.doubanio.com/view/subject/l/public/s2361866.jpg, 中国电影出版社,2001,9.79E+12
        逻辑哲学论      ,9.2,2259,https://img3.doubanio.com/view/subject/l/public/s2704503.jpg, 商务印书馆,1996,9.79E+12
        新千年文学备忘录      ,9.2,2327,https://img9.doubanio.com/view/subject/l/public/s3709316.jpg, 译林出版社,2009,9.79E+12
        白鹿原      ,9.1,6830,https://img3.doubanio.com/view/subject/l/public/s4603422.jpg, 北京十月文艺出版社,2008,9.79E+12
        博尔赫斯全集      ,9.4,2004,https://img1.doubanio.com/view/subject/l/public/s1789739.jpg, 浙江文艺出版社,1999,9.79E+12
        传奇上下      ,9.1,2795,https://img3.doubanio.com/view/subject/l/public/s2215584.jpg, 经济日报出版社,2003,9.79E+12
        人生的枷锁      ,9,16620,https://img1.doubanio.com/view/subject/l/public/s3983958.jpg, 上海译文出版社,2007,9.79E+12
        神经外科的黑色喜剧      ,9,1663,https://img1.doubanio.com/view/subject/l/public/s3063977.jpg, 湖南科学技术出版社,2006,9.79E+12
        采桑子      ,9,4081,https://img9.doubanio.com/view/subject/l/public/s3696986.jpg, 北京出版社,2009,9.79E+12
        围城      ,9,27047,https://img3.doubanio.com/view/subject/l/public/s1068075.jpg, 生活·读书·新知三联书店,2002,9.79E+12
        写在人生边上 写在人生边上的边上 石语      ,9,2112,https://img1.doubanio.com/view/subject/l/public/s1028477.jpg, 生活·读书·新知三联书店,2001,9.79E+12
        人间是剧场      ,9,2974,https://img1.doubanio.com/view/subject/l/public/s4509918.jpg, 新星出版社,2010,9.79E+12
        平如美棠      ,9,14529,https://img3.doubanio.com/view/subject/l/public/s26543835.jpg, 广西师范大学出版社,2013,9.79E+12
        悲惨世界上下      ,9.2,2894,https://img1.doubanio.com/view/subject/l/public/s1989289.jpg, 上海译文出版社,2006,9.79E+12
        学术与政治      ,9.2,2249,https://img1.doubanio.com/view/subject/l/public/s1286347.jpg, 生活·读书·新知三联书店,2005,9.79E+12
        心灵的焦灼      ,9,2851,https://img3.doubanio.com/view/subject/l/public/s2598131.jpg, 上海译文出版社,2007,9.79E+12
        论语新解      ,8.9,1914,https://img3.doubanio.com/view/subject/l/public/s1235344.jpg, 生活·读书·新知三联书店,2005,9.79E+12
        虚构集      ,9.2,2729,https://img1.doubanio.com/view/subject/l/public/s2958557.jpg, 浙江文艺出版社,2008,9.79E+12
        毛毛      ,9.1,1306,https://img3.doubanio.com/view/subject/l/public/s1556541.jpg, 二十一世纪出版社,2000,9.79E+12
        大明宫词      ,9.2,3219,https://img1.doubanio.com/view/subject/l/public/s24396128.jpg, 人民文学出版社,2000,9.79E+12
        联邦党人文集      ,9,2459,https://img3.doubanio.com/view/subject/l/public/s1437692.jpg, 商务印书馆,1980,9.79E+12
        锦灰堆      ,9.2,1268,https://img1.doubanio.com/view/subject/l/public/s1068077.jpg, 生活·读书·新知三联书店,1999,9.79E+12
        来自民间的叛逆      ,9.3,1371,https://img3.doubanio.com/view/subject/l/public/s3448990.jpg, 南京大学出版社,2008,9.79E+12
        古拉格群岛上中下      ,9.2,1747,https://img1.doubanio.com/view/subject/l/public/s1323837.jpg, 群众出版社,1996,9.79E+12
        美国宪政历程      ,9.1,4767,https://img1.doubanio.com/view/subject/l/public/s3838207.jpg, 生活·读书·新知三联书店,2009,9.79E+12
        洞穴奇案      ,9.8,1689,https://img1.doubanio.com/view/subject/l/public/s11318109.jpg, 北京少年儿童出版社,1998,9.79E+12
        深入理解计算机系统      ,9.5,2697,https://img3.doubanio.com/view/subject/l/public/s1470003.jpg, 中国电力出版社,2004,9.79E+12
        艺术的故事      ,9.5,2237,https://img3.doubanio.com/view/subject/l/public/s1740152.jpg, 生活·读书·新知三联书店,1999,9.79E+12
        冰与火之歌卷三      ,9.5,11835,https://img3.doubanio.com/view/subject/l/public/s2877433.jpg, 重庆出版社,2007,9.79E+12
        牛津高阶英汉双解词典 第六版      ,9.5,1597,https://img3.doubanio.com/view/subject/l/public/s1218761.jpg, 商务印书馆 牛津大学出版社,2004,9.79E+12
        费恩曼物理学讲义第1卷      ,9.5,1640,https://img1.doubanio.com/view/subject/l/public/s1475298.jpg, 上海科学技术出版社,2005,9.79E+12
        滚蛋吧!肿瘤君      ,9.2,14792,https://img9.doubanio.com/view/subject/l/public/s20742806.jpg, 北京理工大学出版社,2012,9.79E+12
        红楼梦      ,9.6,230978,https://img1.doubanio.com/view/subject/l/public/s1070959.jpg, 人民文学出版社,1996,9.79E+12
        塔希里亚故事集      ,9.4,4038,https://img1.doubanio.com/view/subject/l/public/s4433958.jpg, 接力出版社,2007,9.79E+12
        百年孤独      ,9.2,237301,https://img3.doubanio.com/view/subject/l/public/s6384944.jpg, 南海出版公司,2011,9.79E+12
        算法导论原书第2版      ,9.3,4902,https://img1.doubanio.com/view/subject/l/public/s1959967.jpg, 机械工业出版社,2006,9.79E+12
        哥德尔、艾舍尔、巴赫      ,9.4,5821,https://img1.doubanio.com/view/subject/l/public/s1789059.jpg, 商务印书馆,1997,9.79E+12
        文学回忆录全2册      ,9.2,28582,https://img1.doubanio.com/view/subject/l/public/s24611679.jpg, 广西师范大学出版社,2013,9.79E+12
        史记全十册      ,9.5,14476,https://img3.doubanio.com/view/subject/l/public/s1953384.jpg, 中华书局,1982,9.79E+12
        道德经精义      ,9.4,12074,https://img3.doubanio.com/view/subject/l/public/s1045431.jpg, 陕西人民出版社,1996,9.79E+12
        三体Ⅲ      ,9.2,188101,https://img3.doubanio.com/view/subject/l/public/s26012674.jpg, 重庆出版社,2010,9.79E+12
        看见      ,8.8,232160,https://img3.doubanio.com/view/subject/l/public/s24468373.jpg, 广西师范大学出版社,2013,9.79E+12
        冰与火之歌卷二      ,9.4,13784,https://img3.doubanio.com/view/subject/l/public/s1482630.jpg, 重庆出版社,2006,9.79E+12
        鲁迅全集2005最新修订版      ,9.5,4082,https://img3.doubanio.com/view/subject/l/public/s1513604.jpg, 人民文学出版社,2005,9.79E+12
        塔希里亚故事集Ⅱ      ,9.4,1548,https://img3.doubanio.com/view/subject/l/public/s26829385.jpg, 接力出版社,2008,9.79E+12
        浪潮之巅      ,9.1,23454,https://img3.doubanio.com/view/subject/l/public/s6807265.jpg, 电子工业出版社,2011,9.79E+12
        诗经      ,9.4,13038,https://img3.doubanio.com/view/subject/l/public/s1979223.jpg, 北京出版社,2006,9.79E+12
        第二基地      ,9.3,6444,https://img1.doubanio.com/view/subject/l/public/s1328658.jpg, 天地出版社,2005,9.79E+12
        中国少年儿童百科全书全四册      ,9.4,5504,https://img3.doubanio.com/view/subject/l/public/s1493864.jpg, 香港中文大學出版社,2002,9.79E+12
        中國近代史上冊      ,9.3,2695,https://img3.doubanio.com/view/subject/l/public/s29322975.jpg, 广西民族出版社,2000,9.79E+12
        資治通鑑全二十冊      ,9.4,3631,https://img3.doubanio.com/view/subject/l/public/s1760022.jpg, 中華書局,1956,9.79E+12
        基督山伯爵上下      ,9.3,2782,https://img3.doubanio.com/view/subject/l/public/s2535944.jpg, 北京燕山出版社,1999,9.79E+12
        风与树的歌      ,9.3,2831,https://img3.doubanio.com/view/subject/l/public/s1256733.jpg, 少年儿童出版社,2004,9.79E+12
        寻找家园      ,9.3,4501,https://img3.doubanio.com/view/subject/l/public/s1122091.jpg, 花城出版社,2004,9.79E+12
        冰与火之歌·卷四·群鸦的盛宴全两册      ,9.2,9561,https://img3.doubanio.com/view/subject/l/public/s3275713.jpg, 重庆出版社,2008,9.79E+12
        我在伊朗长大      ,9.4,5578,https://img3.doubanio.com/view/subject/l/public/s6144591.jpg, 生活·读书·新知三联书店,2010,9.79E+12
        现代汉语词典修订本      ,9.3,6536,https://img3.doubanio.com/view/subject/l/public/s1148324.jpg, 商务印书馆,1996,9.79E+12
        庄子      ,9.4,6075,https://img3.doubanio.com/view/subject/l/public/s5765615.jpg, 中华书局,2007,9.79E+12
        卡拉马佐夫兄弟      ,9.4,11535,https://img3.doubanio.com/view/subject/l/public/s2059791.jpg, 上海译文出版社,2006,9.79E+12
        C程序设计语言      ,9.4,4360,https://img3.doubanio.com/view/subject/l/public/s1106934.jpg, 机械工业出版社,2004,9.79E+12
        卡尔维诺文集第三卷      ,9.3,4243,https://img3.doubanio.com/view/subject/l/public/s1079340.jpg, 译林出版社,2001,9.79E+12
        源泉      ,9,6460,https://img9.doubanio.com/view/subject/l/public/s1451416.jpg, 重庆出版社,2005,9.79E+12
        冰与火之歌卷一      ,9.3,31003,https://img3.doubanio.com/view/subject/l/public/s1358984.jpg, 重庆出版社,2005,9.79E+12
        我的团长我的团下部      ,9.4,3471,https://img3.doubanio.com/view/subject/l/public/s3698353.jpg, 新星出版社,2009,9.79E+12
        唐诗三百首      ,9.3,10101,https://img1.doubanio.com/view/subject/l/public/s1008848.jpg, 中华书局,1998,9.79E+12
        南京浩劫      ,9.3,1969,https://img9.doubanio.com/view/subject/l/public/s2714926.jpg, 东方出版社,2007,9.79E+12
        王小波全集      ,9.4,4540,https://img3.doubanio.com/view/subject/l/public/s3432962.jpg, 云南人民出版社,2006,9.79E+12
        猜猜我有多爱你      ,9.3,11071,https://img1.doubanio.com/view/subject/l/public/s24549957.jpg, 少年儿童出版社,2005,9.79E+12
        基地      ,9.2,12751,https://img9.doubanio.com/view/subject/l/public/s1239326.jpg, 天地出版社,2005,9.79E+12
        银河英雄传说      ,9.2,5348,https://img3.doubanio.com/view/subject/l/public/s28291162.jpg, 西藏人民出版社,2004,9.79E+12
        猫城小事      ,9.1,1673,https://img3.doubanio.com/view/subject/l/public/s4001430.jpg, 南海出版公司,2009,9.79E+12
        我在伊朗长大1      ,9.2,2680,https://img1.doubanio.com/view/subject/l/public/s1670019.jpg, 生活·读书·新知三联,2006,9.79E+12
        國史大綱上下      ,9.2,3903,https://img1.doubanio.com/view/subject/l/public/s2161158.jpg, 北京大学出版社,1998,9.79E+12
        乡土中国 生育制度      ,9.3,8356,https://img1.doubanio.com/view/subject/l/public/s1949888.jpg, 少年儿童出版社,1987,NULL
        基地与帝国      ,9.2,6569,https://img1.doubanio.com/view/subject/l/public/s1328657.jpg, 天地出版社,2005,9.79E+12
        顾准文集      ,9.1,2397,https://img3.doubanio.com/view/subject/l/public/s2333801.jpg, 中国市场出版社,2007,9.79E+12
        飘全二册      ,9.2,9153,https://img3.doubanio.com/view/subject/l/public/s1529094.jpg, 人民文学出版社,1990,9.79E+12
        一九八四·动物农场      ,9.3,32940,https://img9.doubanio.com/view/subject/l/public/s1089916.jpg, 上海译文出版社,2003,9.79E+12
        飲水詞箋校      ,9.2,2117,https://img3.doubanio.com/view/subject/l/public/s6474704.jpg, 中华书局,2005,9.79E+12
        渴望生活      ,9.2,8184,https://img1.doubanio.com/view/subject/l/public/s3099438.jpg, 北京十月文艺出版社,2008,9.79E+12
        随风而来的玛丽阿姨      ,9.3,1647,https://img1.doubanio.com/view/subject/l/public/s8447328.jpg, 明天出版社,2005,9.79E+12
        霍乱时期的爱情      ,9,140411,https://img3.doubanio.com/view/subject/l/public/s11284102.jpg, 南海出版公司,2012,9.79E+12
        月亮和六便士      ,9.1,34611,https://img3.doubanio.com/view/subject/l/public/s6088624.jpg, 上海译文出版社,2009,9.79E+12
        从一到无穷大      ,9.1,8017,https://img3.doubanio.com/view/subject/l/public/s2516920.jpg, 科学出版社,2002,9.79E+12
        论美国的民主      ,9.2,6174,https://img1.doubanio.com/view/subject/l/public/s26301247.jpg, 商务印书馆,1989,9.79E+12
        旧制度与大革命      ,8.9,7662,https://img9.doubanio.com/view/subject/l/public/s1076506.jpg, 商务印书馆,1992,9.79E+12
        全球通史上      ,9.2,12342,https://img3.doubanio.com/view/subject/l/public/s28330151.jpg, 北京大学出版社,2006,9.79E+12
        全球通史下      ,9.2,8284,https://img3.doubanio.com/view/subject/l/public/s2179261.jpg, 北京大学出版社,2006,9.79E+12
        上帝掷骰子吗      ,9.2,17938,https://img3.doubanio.com/view/subject/l/public/s1486674.jpg, 辽宁教育出版社,2006,9.79E+12
        给青年诗人的信      ,9.1,4805,https://img3.doubanio.com/view/subject/l/public/s1590270.jpg, 上海译文出版社,2005,9.79E+12
        快乐王子      ,9.2,8907,https://img3.doubanio.com/view/subject/l/public/s2896390.jpg, 上海译文出版社,2007,9.79E+12
        代码大全第2版      ,9.3,3733,https://img1.doubanio.com/view/subject/l/public/s1495029.jpg, 电子工业出版社,2006,9.79E+12
        C++ Primer 中文版第 4 版      ,9.2,4256,https://img3.doubanio.com/view/subject/l/public/s1638975.jpg, 人民邮电出版社,2006,9.79E+12
        三体Ⅱ      ,9.3,193054,https://img3.doubanio.com/view/subject/l/public/s3078482.jpg, 重庆出版社,2008,9.79E+12
        爷爷变成了幽灵      ,9.3,8965,https://img1.doubanio.com/view/subject/l/public/s3446498.jpg, 湖北美术出版社,2007,9.79E+12
        肖申克的救赎      ,9.1,69667,https://img3.doubanio.com/view/subject/l/public/s4007145.jpg, 人民文学出版社,2006,9.79E+12
        安徒生童话故事集      ,9.1,30911,https://img1.doubanio.com/view/subject/l/public/s3799757.jpg, 北京十月文艺出版社,2009,9.79E+12
        平凡的世界全三册      ,9.2,44377,https://img3.doubanio.com/view/subject/l/public/s1066570.jpg, 哈尔滨出版社,2003,9.79E+12
        飘      ,9.3,130221,https://img1.doubanio.com/view/subject/l/public/s1078958.jpg, 译林出版社,2000,9.79E+12
        三国演义全二册      ,9.2,98813,https://img3.doubanio.com/view/subject/l/public/s1076932.jpg, 人民文学出版社,1998,9.79E+12
        我亲爱的甜橙树      ,9.1,5388,https://img1.doubanio.com/view/subject/l/public/s4386309.jpg,天天出版社,2010,9.79E+12
        罗马人的故事2      ,9.2,2936,https://img1.doubanio.com/view/subject/l/public/s8859038.jpg, 中信出版社,2011,9.79E+12
        神秘岛全三册      ,9.2,2781,https://img1.doubanio.com/view/subject/l/public/s2660498.jpg, 中国青年出版社,1979,NULL
        罗杰99艾克罗伊德谋杀案      ,9,1634,https://img1.doubanio.com/view/subject/l/public/s26384097.jpg, 贵州人民出版社,1998,9.79E+12
        呼兰河传      ,9,2069,https://img3.doubanio.com/view/subject/l/public/s1934734.jpg, 中国青年出版社,2003,9.79E+12
        孽子      ,9.1,10902,https://img3.doubanio.com/view/subject/l/public/s6240330.jpg, 广西师范大学出版社,2010,9.79E+12
        木心作品八种      ,9.3,2121,https://img1.doubanio.com/view/subject/l/public/s6497767.jpg, 广西师范大学出版社,2009,9.79E+12
        灵魂的事      ,9,2999,https://img3.doubanio.com/view/subject/l/public/s1319265.jpg, 百花文艺出版社,2005,9.79E+12
        万物既聪慧又奇妙      ,9.2,3059,https://img3.doubanio.com/view/subject/l/public/s4404535.jpg, 中国城市出版社,2010,9.79E+12
        局外人      ,9,92848,https://img3.doubanio.com/view/subject/l/public/s4468484.jpg, 上海译文出版社,2010,9.79E+12
        荒原狼      ,9,5158,https://img3.doubanio.com/view/subject/l/public/s4477292.jpg, 上海译文出版社,2010,9.79E+12
        所罗门王的指环      ,9.2,1722,https://img3.doubanio.com/view/subject/l/public/s1032614.jpg, 中国和平出版社,1998,9.79E+12
        故道白云      ,9,1451,https://img1.doubanio.com/view/subject/l/public/s4051707.jpg, 线装书局,2007,9.79E+12
        中国哲学简史      ,9.2,2372,https://img3.doubanio.com/view/subject/l/public/s3825683.jpg, 生活·读书·新知三联书店,2009,9.79E+12
        经济学      ,9.3,1387,https://img9.doubanio.com/view/subject/l/public/s3297116.jpg, 人民邮电出版社,2008,9.79E+12
        史努比黄金50年      ,9.2,1734,https://img3.doubanio.com/view/subject/l/public/s1913020.jpg, 希望出版社,2001,9.79E+12
        365夜      ,9.3,4737,https://img9.doubanio.com/view/subject/l/public/s11191366.jpg, 少年儿童出版社,1981,NULL
        世说新语      ,9.1,1745,https://img3.doubanio.com/view/subject/l/public/s23925082.jpg, 中华书局,2007,9.79E+12
        银河帝国3：第二基地      ,9.2,5644,https://img3.doubanio.com/view/subject/l/public/s10393872.jpg, 江苏文艺出版社,2012,9.79E+12
        C专家编程      ,9.2,1923,https://img9.doubanio.com/view/subject/l/public/s5886086.jpg, 人民邮电出版社,2008,9.79E+12
        TCP/IP详解 卷1：协议      ,9.2,2058,https://img9.doubanio.com/view/subject/l/public/s1543906.jpg, 机械工业出版社,2000,9.79E+12
        基地前传2·迈向基地上下      ,9,2684,https://img3.doubanio.com/view/subject/l/public/s3001864.jpg, 天地出版社,2005,9.79E+12
        温柔的夜      ,9.1,11601,https://img1.doubanio.com/view/subject/l/public/s2391798.jpg, 北京十月文艺出版社,2007,9.79E+12
        柏拉图的《会饮》      ,9.2,1325,https://img1.doubanio.com/view/subject/l/public/s1236859.jpg, 华夏出版社,2003,9.79E+12
        陶庵梦忆 西湖梦寻      ,9.3,3837,https://img3.doubanio.com/view/subject/l/public/s4039793.jpg, 上海古籍出版社,2001,9.79E+12
        热爱生命      ,9,3252,https://img1.doubanio.com/view/subject/l/public/s1234148.jpg, 北京燕山出版社,2000,9.79E+12
        飘      ,9.4,4426,https://img3.doubanio.com/view/subject/l/public/s3747710.jpg, 浙江文艺出版社,1988,9.79E+12
        额尔古纳河右岸      ,9,10471,https://img3.doubanio.com/view/subject/l/public/s3380714.jpg, 北京十月文艺出版社,2005,9.79E+12
        绿山墙的安妮      ,9.1,7072,https://img1.doubanio.com/view/subject/l/public/s1050548.jpg, 浙江文艺出版社,2003,9.79E+12
        陶渊明集      ,9.4,1516,https://img3.doubanio.com/view/subject/l/public/s4282642.jpg, 中华书局,1979,9.79E+12
        金刚经      ,9.5,4229,https://img3.doubanio.com/view/subject/l/public/s5881922.jpg, 中州古籍出版社,2007,9.79E+12
        小径分岔的花园      ,9.1,4757,https://img3.doubanio.com/view/subject/l/public/s29481580.jpg, 浙江文艺出版社,2002,9.79E+12
        梦里花落知多少      ,9.1,8852,https://img3.doubanio.com/view/subject/l/public/s6011774.jpg, 北京十月文艺出版社,2009,9.79E+12
        荷西 我爱你      ,9.2,2501,https://img1.doubanio.com/view/subject/l/public/s3067527.jpg, 中国妇女出版社,1986,NULL
        尼各马可伦理学      ,9.2,1980,https://img1.doubanio.com/view/subject/l/public/s1730749.jpg, 商务印书馆,2003,9.79E+12
        深度探索C++对象模型      ,9.1,1426,https://img3.doubanio.com/view/subject/l/public/s3301634.jpg, 华中科技大学出版社,2001,9.79E+12
        玻璃球游戏      ,9,2527,https://img1.doubanio.com/view/subject/l/public/s2623267.jpg, 上海译文出版社,2007,9.79E+12
        浪漫主义的根源      ,9.3,2515,https://img3.doubanio.com/view/subject/l/public/s3030362.jpg, 译林出版社,2008,9.79E+12
        吉祥纹莲花楼终篇之青龙·白虎      ,9.1,2497,https://img3.doubanio.com/view/subject/l/public/s4519614.jpg, 万卷出版公司,2010,9.79E+12
        中国少年儿童百科全书      ,9.1,2011,https://img3.doubanio.com/view/subject/l/public/s4026744.jpg, 浙江教育出版社,1997,9.79E+12
        中国少年儿童百科全书      ,9.2,4541,https://img3.doubanio.com/view/subject/l/public/s3959404.jpg, 浙江教育出版社,1994,9.79E+12
        枪炮、病菌与钢铁      ,8.9,2507,https://img1.doubanio.com/view/subject/l/public/s1041419.jpg, 上海译文出版社,2000,9.79E+12
        小兔彼得和他的朋友们全3册      ,9,1311,https://img1.doubanio.com/view/subject/l/public/s4042908.jpg, 安徽教育出版社,2009,9.79E+12
        鼠族一、二部      ,9.2,1672,https://img9.doubanio.com/view/subject/l/public/s4127826.jpg, 陕西师范大学出版社,2009,9.79E+12
        中国史纲      ,9.1,1755,https://img9.doubanio.com/view/subject/l/public/s10170776.jpg, 上海古籍出版社,1999,9.79E+12
        美国讲稿      ,9,1221,https://img1.doubanio.com/view/subject/l/public/s3006149.jpg, 译林出版社,2008,9.79E+12
        隔江山色      ,9,1443,https://img3.doubanio.com/view/subject/l/public/s3934655.jpg, 生活·读书·新知三联书店,2009,9.79E+12
        大江东去共三部      ,8.9,5198,https://img3.doubanio.com/view/subject/l/public/s23593181.jpg, 长江文艺出版社,2009,9.79E+12
        夜莺与玫瑰      ,9.2,1548,https://img1.doubanio.com/view/subject/l/public/s4296928.jpg, 外语教学与研究出版社,2010,9.79E+12
        金锁记      ,9.1,2251,https://img1.doubanio.com/view/subject/l/public/s1441609.jpg, 哈尔滨出版社,2005,9.79E+12
        勒·柯布西耶全集      ,9.3,1315,https://img3.doubanio.com/view/subject/l/public/s1399745.jpg, 中国建筑工业出版社,2005,9.79E+12
        悲惨世界全三册      ,9.3,2939,https://img9.doubanio.com/view/subject/l/public/s4604906.jpg, 人民文学出版社,2003,978702000-0000
        编码      ,9.2,2866,https://img3.doubanio.com/view/subject/l/public/s4379914.jpg, 电子工业出版社,2010,978712000-0000
        古文观止      ,9.2,1258,https://img3.doubanio.com/view/subject/l/public/s2951515.jpg, 中华书局,1959,NULL
        说文解字      ,9.2,1760,https://img3.doubanio.com/view/subject/l/public/s1026024.jpg, 中华书局,1963,9.79E+12
        五月天之素人自拍      ,9.6,2198,https://img3.doubanio.com/view/subject/l/public/s4133615.jpg, 時報文化出版企業股份有限公司,2001,9.79E+12
        我要做好孩子      ,9.1,1514,https://img3.doubanio.com/view/subject/l/public/s4107891.jpg, 江苏少年儿童出版社,1996,9.79E+12
        北方的空地      ,9.1,2325,https://img1.doubanio.com/view/subject/l/public/s6778118.jpg, 重庆出版社,2011,9.79E+12
        古拉格：一部历史      ,9.2,1996,https://img3.doubanio.com/view/subject/l/public/s26016760.jpg, 新星出版社,2013,9.79E+12
        皮皮鲁和鲁西西全传      ,9.3,1875,https://img9.doubanio.com/view/subject/l/public/s2745356.jpg, 四川少年儿童出版社,1989,9.79E+12
        失明症漫记      ,9,7602,https://img1.doubanio.com/view/subject/l/public/s27217828.jpg, 南海出版公司,2014,9.79E+12
        来自新世界 上下      ,9,6091,https://img1.doubanio.com/view/subject/l/public/s27251177.jpg, 上海译文出版社,2014,9.79E+12
        听音乐插图第6版      ,9.1,1391,https://img9.doubanio.com/view/subject/l/public/s3118506.jpg, 世界图书出版公司,2008,9.79E+12
        美的历程      ,9.2,11979,https://img3.doubanio.com/view/subject/l/public/s3893343.jpg, 生活·读书·新知三联书店,2009,9.79E+12
        众病之王      ,9.1,6645,https://img1.doubanio.com/view/subject/l/public/s24598159.jpg, 中信出版社,2013,9.79E+12
        强风吹拂      ,9,7984,https://img1.doubanio.com/view/subject/l/public/s27914268.jpg, 广西师范大学出版社,2015,9.79E+12
        文明之光第一册      ,9,3981,https://img1.doubanio.com/view/subject/l/public/s27307487.jpg, 人民邮电出版社,2014,978712000-0000
        四書章句集注      ,9.3,2203,https://img3.doubanio.com/view/subject/l/public/s32314514.jpg, 中华书局,1983,9.79E+12
        大盗贼      ,9.2,1304,https://img3.doubanio.com/view/subject/l/public/s1694523.jpg, 二十一世纪出版社,2004,9.79E+12
        霸王别姬      ,9.1,9289,https://img9.doubanio.com/view/subject/l/public/s24964086.jpg, 人民文学出版社,1999,978702000-0000
        重构      ,9,2052,https://img3.doubanio.com/view/subject/l/public/s1669771.jpg, 中国电力出版社,2003,9.79E+12
        易经      ,9,2034,https://img3.doubanio.com/view/subject/l/public/s2158672.jpg, 吉林文史出版社,2006,9.79E+12
        编程珠玑      ,9.1,2022,https://img3.doubanio.com/view/subject/l/public/s4687321.jpg, 人民邮电出版社,2008,978712000-0000
        宋词三百首      ,9.4,2675,https://img3.doubanio.com/view/subject/l/public/s1131431.jpg, 人民文学出版社,2004,978702000-0000
        战国策      ,9.1,1660,https://img3.doubanio.com/view/subject/l/public/s1587941.jpg, 山西古籍出版社,2003,9.79E+12
        敏捷软件开发      ,9,1372,https://img3.doubanio.com/view/subject/l/public/s1671095.jpg, 清华大学出版社,2003,9.79E+12
        牡丹亭      ,9,7566,https://img3.doubanio.com/view/subject/l/public/s1075414.jpg, 人民文学出版社,1963,978702000-0000
        宋词鉴赏辞典      ,9.4,1802,https://img3.doubanio.com/view/subject/l/public/s1367641.jpg, 上海辞书出版社,2003,9.79E+12
        老子注译及评介      ,9.2,2018,https://img1.doubanio.com/view/subject/l/public/s4011419.jpg, 中华书局,2009,9.79E+12
        中国古典园林分析      ,9.1,1844,https://img3.doubanio.com/view/subject/l/public/s1301823.jpg, 建筑工业出版社,1986,9.79E+12
        外部空间设计      ,9,1730,https://img3.doubanio.com/view/subject/l/public/s2146414.jpg, 中国建筑工业出版社,1985,9.79E+12
        四世同堂上下      ,9,4939,https://img3.doubanio.com/view/subject/l/public/s1069102.jpg, 人民文学出版社,1999,978702000-0000
        莎士比亚全集全8册      ,9.4,2045,https://img3.doubanio.com/view/subject/l/public/s1540102.jpg, 译林出版社,1998,9.79E+12
        津巴多普通心理学      ,9.4,1799,https://img1.doubanio.com/view/subject/l/public/s3419538.jpg, 中国人民大学出版社,2008,9.79E+12
        Head First 设计模式中文版      ,9.2,2925,https://img9.doubanio.com/view/subject/l/public/s2686916.jpg, 中国电力出版社,2007,9.79E+12
        天龙八部      ,9.1,87216,https://img1.doubanio.com/view/subject/l/public/s23632058.jpg, 生活.读书.新知三联书店,1994,9.79E+12
        古文观止      ,9.1,11512,https://img3.doubanio.com/view/subject/l/public/s1325863.jpg, 中华书局,1987,9.79E+12
        计算机程序的构造和解释原书第2版      ,9.5,2235,https://img9.doubanio.com/view/subject/l/public/s1113106.jpg, 机械工业出版社,2004,9.79E+12
        期货市场技术分析      ,9.1,2172,https://img1.doubanio.com/view/subject/l/public/s2141099.jpg, 地震出版社,1994,9.79E+12
        聪明的投资者      ,9,4503,https://img3.doubanio.com/view/subject/l/public/s6462582.jpg, 人民邮电出版社,2010,978712000-0000
        穷查理宝典      ,8.9,9398,https://img1.doubanio.com/view/subject/l/public/s4532008.jpg, 上海人民出版社,2010,9.79E+12
        蓝熊船长的13条半命      ,9.4,2147,https://img3.doubanio.com/view/subject/l/public/s1081342.jpg, 人民文学出版社,2002,978702000-0000
        万物既伟大又渺小      ,9,5135,https://img1.doubanio.com/view/subject/l/public/s4245447.jpg, 中国城市出版社,2010,9.79E+12
        阿城精选集      ,9.1,5592,https://img3.doubanio.com/view/subject/l/public/s8963180.jpg, 北京燕山出版社,2011,9.79E+12
        金刚经 心经 坛经      ,9.2,2524,https://img3.doubanio.com/view/subject/l/public/s10320050.jpg, 中华书局,2007,9.79E+12
        经济学      ,9.1,1752,https://img3.doubanio.com/view/subject/l/public/s1222291.jpg, 人民邮电出版社,2004,978712000-0000
        飞鸟集      ,9.1,3672,https://img1.doubanio.com/view/subject/l/public/s1665389.jpg, 上海译文出版社,1992,9.79E+12
        顾城的诗 顾城的画      ,9.1,5285,https://img1.doubanio.com/view/subject/l/public/s4084467.jpg, 江苏文艺出版社,2009,9.79E+12
        设计中的设计 | 全本      ,9.1,7386,https://img3.doubanio.com/view/subject/l/public/s4473054.jpg, 广西师范大学出版社,2010,9.79E+12
        佛教的见地与修道      ,9,2254,https://img1.doubanio.com/view/subject/l/public/s2183228.jpg, 甘肃民族出版社,2006,9.79E+12
        上学记      ,9,2455,https://img9.doubanio.com/view/subject/l/public/s5951026.jpg, 生活·读书·新知三联书店,2008,9.79E+12
        金蔷薇      ,9,2807,https://img3.doubanio.com/view/subject/l/public/s2358972.jpg, 上海译文出版社,2007,9.79E+12
        张国荣的时光      ,9,2695,https://img3.doubanio.com/view/subject/l/public/s24485803.jpg, 上海书店出版社,2011,9.79E+12
        岁朝清供      ,9.1,3682,https://img3.doubanio.com/view/subject/l/public/s4158862.jpg, 生活·读书·新知三联书店,2010,9.79E+12
        华夏意匠      ,9.2,2180,https://img1.doubanio.com/view/subject/l/public/s1852868.jpg, 天津大学出版社,2005,9.79E+12
        万物刹那又永恒      ,9.1,2077,https://img3.doubanio.com/view/subject/l/public/s4671512.jpg, 中国城市出版社,2011,9.79E+12
        发现之旅      ,9,3888,https://img1.doubanio.com/view/subject/l/public/s7045008.jpg, 商务印书馆,2012,9.79E+12
        論語譯註      ,9.1,2405,https://img1.doubanio.com/view/subject/l/public/s1670329.jpg, 中华书局,1980,9.79E+12
        中国文化要义      ,9,2443,https://img3.doubanio.com/view/subject/l/public/s1331483.jpg, 上海人民出版社,2005,9.79E+12
        中国法律与中国社会      ,9.2,1751,https://img9.doubanio.com/view/subject/l/public/s1558956.jpg, 中华书局,2003,9.79E+12
        庄子諵譁上      ,8.9,2430,https://img3.doubanio.com/view/subject/l/public/s5768703.jpg, 上海人民出版社,2007,9.79E+12
        古代汉语第一册      ,9.2,2640,https://img1.doubanio.com/view/subject/l/public/s9258438.jpg, 中华书局,1999,9.79E+12
        返璞归真      ,9.2,2014,https://img9.doubanio.com/view/subject/l/public/s2527436.jpg, 华东师范大学出版社,2007,9.79E+12
        费马大定理      ,9,2545,https://img1.doubanio.com/view/subject/l/public/s1331728.jpg, 上海译文出版社,2005,9.79E+12
        超越时空      ,9.1,3603,https://img3.doubanio.com/view/subject/l/public/s3980835.jpg, 上海科技教育出版社,2009,9.79E+12
        古詩源      ,9.3,1746,https://img1.doubanio.com/view/subject/l/public/s6847949.jpg, 中华书局,2006,9.79E+12
        惶然录      ,9,4326,https://img3.doubanio.com/view/subject/l/public/s1113041.jpg, 上海文艺出版社,1995,9.79E+12
        大问题      ,9,3858,https://img3.doubanio.com/view/subject/l/public/s4573783.jpg, 广西师范大学出版社,2011,9.79E+12
        阿莱夫      ,9.2,1911,https://img1.doubanio.com/view/subject/l/public/s2958527.jpg, 浙江文艺出版社,2008,9.79E+12
        杀死一只反舌鸟      ,9.1,3876,https://img3.doubanio.com/view/subject/l/public/s3658863.jpg, 译林出版社,2009,9.79E+12
        逻辑哲学论      ,9.2,2259,https://img3.doubanio.com/view/subject/l/public/s2704503.jpg, 商务印书馆,1996,9.79E+12
        新千年文学备忘录      ,9.2,2327,https://img9.doubanio.com/view/subject/l/public/s3709316.jpg, 译林出版社,2009,9.79E+12
        白鹿原      ,9.1,6830,https://img3.doubanio.com/view/subject/l/public/s4603422.jpg, 北京十月文艺出版社,2008,9.79E+12
        博尔赫斯全集      ,9.4,2004,https://img1.doubanio.com/view/subject/l/public/s1789739.jpg, 浙江文艺出版社,1999,9.79E+12
        传奇上下      ,9.1,2795,https://img3.doubanio.com/view/subject/l/public/s2215584.jpg, 经济日报出版社,2003,9.79E+12
        人生的枷锁      ,9,16620,https://img1.doubanio.com/view/subject/l/public/s3983958.jpg, 上海译文出版社,2007,9.79E+12
        神经外科的黑色喜剧      ,9,1663,https://img1.doubanio.com/view/subject/l/public/s3063977.jpg, 湖南科学技术出版社,2006,9.79E+12
        采桑子      ,9,4081,https://img9.doubanio.com/view/subject/l/public/s3696986.jpg, 北京出版社,2009,97872000-00000
        围城      ,9,27047,https://img3.doubanio.com/view/subject/l/public/s1068075.jpg, 生活·读书·新知三联书店,2002,9.79E+12
        写在人生边上 写在人生边上的边上 石语      ,9,2112,https://img1.doubanio.com/view/subject/l/public/s1028477.jpg, 生活·读书·新知三联书店,2001,9.79E+12
        人间是剧场      ,9,2974,https://img1.doubanio.com/view/subject/l/public/s4509918.jpg, 新星出版社,2010,9.79E+12
        悲惨世界上下      ,9.2,2894,https://img1.doubanio.com/view/subject/l/public/s1989289.jpg, 上海译文出版社,2006,9.79E+12
        学术与政治      ,9.2,2249,https://img1.doubanio.com/view/subject/l/public/s1286347.jpg, 生活·读书·新知三联书店,2005,9.79E+12
        心灵的焦灼      ,9,2851,https://img3.doubanio.com/view/subject/l/public/s2598131.jpg, 上海译文出版社,2007,9.79E+12
        论语新解      ,8.9,1914,https://img3.doubanio.com/view/subject/l/public/s1235344.jpg, 生活·读书·新知三联书店,2005,9.79E+12
        虚构集      ,9.2,2729,https://img1.doubanio.com/view/subject/l/public/s2958557.jpg, 浙江文艺出版社,2008,9.79E+12
        毛毛      ,9.1,1306,https://img3.doubanio.com/view/subject/l/public/s1556541.jpg, 二十一世纪出版社,2000,9.79E+12
        大明宫词      ,9.2,3219,https://img1.doubanio.com/view/subject/l/public/s24396128.jpg, 人民文学出版社,2000,978702000-0000
        联邦党人文集      ,9,2459,https://img3.doubanio.com/view/subject/l/public/s1437692.jpg, 商务印书馆,1980,9.79E+12
        锦灰堆      ,9.2,1268,https://img1.doubanio.com/view/subject/l/public/s1068077.jpg, 生活·读书·新知三联书店,1999,9.79E+12
        来自民间的叛逆      ,9.3,1371,https://img3.doubanio.com/view/subject/l/public/s3448990.jpg, 南京大学出版社,2008,9.79E+12
        古拉格群岛上中下      ,9.2,1747,https://img1.doubanio.com/view/subject/l/public/s1323837.jpg, 群众出版社,1996,9.79E+12
        美国宪政历程      ,9.1,4767,https://img1.doubanio.com/view/subject/l/public/s3838207.jpg, 生活·读书·新知三联书店,2009,9.79E+12
        深入理解计算机系统      ,9.5,2697,https://img3.doubanio.com/view/subject/l/public/s1470003.jpg, 中国电力出版社,2004,9.79E+12
        艺术的故事      ,9.5,2237,https://img3.doubanio.com/view/subject/l/public/s1740152.jpg, 生活·读书·新知三联书店,1999,9.79E+12
        冰与火之歌卷三      ,9.5,11835,https://img3.doubanio.com/view/subject/l/public/s2877433.jpg, 重庆出版社,2007,9.79E+12
        牛津高阶英汉双解词典 第六版      ,9.5,1597,https://img3.doubanio.com/view/subject/l/public/s1218761.jpg, 商务印书馆 牛津大学出版社,2004,9.79E+12
        费恩曼物理学讲义第1卷      ,9.5,1640,https://img1.doubanio.com/view/subject/l/public/s1475298.jpg, 上海科学技术出版社,2005,9.79E+12
        塔希里亚故事集      ,9.4,4038,https://img1.doubanio.com/view/subject/l/public/s4433958.jpg, 接力出版社,2007,9.79E+12
        算法导论原书第2版      ,9.3,4902,https://img1.doubanio.com/view/subject/l/public/s1959967.jpg, 机械工业出版社,2006,9.79E+12
        哥德尔、艾舍尔、巴赫      ,9.4,5821,https://img1.doubanio.com/view/subject/l/public/s1789059.jpg, 商务印书馆,1997,9.79E+12
        史记全十册      ,9.5,14476,https://img3.doubanio.com/view/subject/l/public/s1953384.jpg, 中华书局,1982,9.79E+12
        道德经精义      ,9.4,12074,https://img3.doubanio.com/view/subject/l/public/s1045431.jpg, 陕西人民出版社,1996,978722000-0000
        冰与火之歌卷二      ,9.4,13784,https://img3.doubanio.com/view/subject/l/public/s1482630.jpg, 重庆出版社,2006,9.79E+12
        鲁迅全集2005最新修订版      ,9.5,4082,https://img3.doubanio.com/view/subject/l/public/s1513604.jpg, 人民文学出版社,2005,978702000-0000
        塔希里亚故事集Ⅱ      ,9.4,1548,https://img3.doubanio.com/view/subject/l/public/s26829385.jpg, 接力出版社,2008,9.79E+12
        浪潮之巅      ,9.1,23454,https://img3.doubanio.com/view/subject/l/public/s6807265.jpg, 电子工业出版社,2011,978712000-0000
        诗经      ,9.4,13038,https://img3.doubanio.com/view/subject/l/public/s1979223.jpg, 北京出版社,2006,97872000-00000
        第二基地      ,9.3,6444,https://img1.doubanio.com/view/subject/l/public/s1328658.jpg, 天地出版社,2005,9.79E+12
        中国少年儿童百科全书全四册      ,9.4,5504,https://img3.doubanio.com/view/subject/l/public/s1493864.jpg, 香港中文大學出版社,2002,978962000-0000
        中國近代史上冊      ,9.3,2695,https://img3.doubanio.com/view/subject/l/public/s29322975.jpg, 广西民族出版社,2000,9.79E+12
        資治通鑑全二十冊      ,9.4,3631,https://img3.doubanio.com/view/subject/l/public/s1760022.jpg, 中華書局,1956,9.79E+12
        基督山伯爵上下      ,9.3,2782,https://img3.doubanio.com/view/subject/l/public/s2535944.jpg, 北京燕山出版社,1999,9.79E+12
        风与树的歌      ,9.3,2831,https://img3.doubanio.com/view/subject/l/public/s1256733.jpg, 少年儿童出版社,2004,9.79E+12
        寻找家园      ,9.3,4501,https://img3.doubanio.com/view/subject/l/public/s1122091.jpg, 花城出版社,2004,9.79E+12
        冰与火之歌·卷四·群鸦的盛宴全两册      ,9.2,9561,https://img3.doubanio.com/view/subject/l/public/s3275713.jpg, 重庆出版社,2008,9.79E+12
        我在伊朗长大      ,9.4,5578,https://img3.doubanio.com/view/subject/l/public/s6144591.jpg, 生活·读书·新知三联书店,2010,9.79E+12
        现代汉语词典修订本      ,9.3,6536,https://img3.doubanio.com/view/subject/l/public/s1148324.jpg, 商务印书馆,1996,9.79E+12
        庄子      ,9.4,6075,https://img3.doubanio.com/view/subject/l/public/s5765615.jpg, 中华书局,2007,9.79E+12
        卡拉马佐夫兄弟      ,9.4,11535,https://img3.doubanio.com/view/subject/l/public/s2059791.jpg, 上海译文出版社,2006,9.79E+12
        C程序设计语言      ,9.4,4360,https://img3.doubanio.com/view/subject/l/public/s1106934.jpg, 机械工业出版社,2004,9.79E+12
        卡尔维诺文集第三卷      ,9.3,4243,https://img3.doubanio.com/view/subject/l/public/s1079340.jpg, 译林出版社,2001,9.79E+12
        源泉      ,9,6460,https://img9.doubanio.com/view/subject/l/public/s1451416.jpg, 重庆出版社,2005,9.79E+12
        冰与火之歌卷一      ,9.3,31003,https://img3.doubanio.com/view/subject/l/public/s1358984.jpg, 重庆出版社,2005,9.79E+12
        我的团长我的团下部      ,9.4,3471,https://img3.doubanio.com/view/subject/l/public/s3698353.jpg, 新星出版社,2009,9.79E+12
        唐诗三百首      ,9.3,10101,https://img1.doubanio.com/view/subject/l/public/s1008848.jpg, 中华书局,1998,9.79E+12
        南京浩劫      ,9.3,1969,https://img9.doubanio.com/view/subject/l/public/s2714926.jpg, 东方出版社,2007,9.79E+12
        王小波全集      ,9.4,4540,https://img3.doubanio.com/view/subject/l/public/s3432962.jpg, 云南人民出版社,2006,978722000-0000
        猜猜我有多爱你      ,9.3,11071,https://img1.doubanio.com/view/subject/l/public/s24549957.jpg, 少年儿童出版社,2005,9.79E+12
        基地      ,9.2,12751,https://img9.doubanio.com/view/subject/l/public/s1239326.jpg, 天地出版社,2005,9.79E+12
        银河英雄传说      ,9.2,5348,https://img3.doubanio.com/view/subject/l/public/s28291162.jpg, 西藏人民出版社,2004,978722000-0000
        猫城小事      ,9.1,1673,https://img3.doubanio.com/view/subject/l/public/s4001430.jpg, 南海出版公司,2009,9.79E+12
        我在伊朗长大1      ,9.2,2680,https://img1.doubanio.com/view/subject/l/public/s1670019.jpg, 生活·读书·新知三联,2006,9.79E+12
        國史大綱上下      ,9.2,3903,https://img1.doubanio.com/view/subject/l/public/s2161158.jpg, 北京大学出版社,1998,9.79E+12
        乡土中国 生育制度      ,9.3,8356,https://img1.doubanio.com/view/subject/l/public/s1949888.jpg, 少年儿童出版社,1987,NULL
        基地与帝国      ,9.2,6569,https://img1.doubanio.com/view/subject/l/public/s1328657.jpg, 天地出版社,2005,9.79E+12
        顾准文集      ,9.1,2397,https://img3.doubanio.com/view/subject/l/public/s2333801.jpg, 中国市场出版社,2007,9.79E+12
        飘全二册      ,9.2,9153,https://img3.doubanio.com/view/subject/l/public/s1529094.jpg, 人民文学出版社,1990,978702000-0000
        一九八四·动物农场      ,9.3,32940,https://img9.doubanio.com/view/subject/l/public/s1089916.jpg, 上海译文出版社,2003,9.79E+12
        飲水詞箋校      ,9.2,2117,https://img3.doubanio.com/view/subject/l/public/s6474704.jpg, 中华书局,2005,9.79E+12
        渴望生活      ,9.2,8184,https://img1.doubanio.com/view/subject/l/public/s3099438.jpg, 北京十月文艺出版社,2008,9.79E+12
        随风而来的玛丽阿姨      ,9.3,1647,https://img1.doubanio.com/view/subject/l/public/s8447328.jpg, 明天出版社,2005,9.79E+12
        月亮和六便士      ,9.1,34611,https://img3.doubanio.com/view/subject/l/public/s6088624.jpg, 上海译文出版社,2009,9.79E+12
        从一到无穷大      ,9.1,8017,https://img3.doubanio.com/view/subject/l/public/s2516920.jpg, 科学出版社,2002,9.79E+12
        论美国的民主      ,9.2,6174,https://img1.doubanio.com/view/subject/l/public/s26301247.jpg, 商务印书馆,1989,9.79E+12
        旧制度与大革命      ,8.9,7662,https://img9.doubanio.com/view/subject/l/public/s1076506.jpg, 商务印书馆,1992,9.79E+12
        全球通史上      ,9.2,12342,https://img3.doubanio.com/view/subject/l/public/s28330151.jpg, 北京大学出版社,2006,9.79E+12
        全球通史下      ,9.2,8284,https://img3.doubanio.com/view/subject/l/public/s2179261.jpg, 北京大学出版社,2006,9.79E+12
        上帝掷骰子吗      ,9.2,17938,https://img3.doubanio.com/view/subject/l/public/s1486674.jpg, 辽宁教育出版社,2006,9.79E+12
        给青年诗人的信      ,9.1,4805,https://img3.doubanio.com/view/subject/l/public/s1590270.jpg, 上海译文出版社,2005,9.79E+12
        快乐王子      ,9.2,8907,https://img3.doubanio.com/view/subject/l/public/s2896390.jpg, 上海译文出版社,2007,9.79E+12
        代码大全第2版      ,9.3,3733,https://img1.doubanio.com/view/subject/l/public/s1495029.jpg, 电子工业出版社,2006,978712000-0000
        C++ Primer 中文版第 4 版      ,9.2,4256,https://img3.doubanio.com/view/subject/l/public/s1638975.jpg, 人民邮电出版社,2006,978712000-0000
        爷爷变成了幽灵      ,9.3,8965,https://img1.doubanio.com/view/subject/l/public/s3446498.jpg, 湖北美术出版社,2007,9.79E+12
        肖申克的救赎      ,9.1,69667,https://img3.doubanio.com/view/subject/l/public/s4007145.jpg, 人民文学出版社,2006,978702000-0000
        安徒生童话故事集      ,9.1,30911,https://img1.doubanio.com/view/subject/l/public/s3799757.jpg, 北京十月文艺出版社,2009,9.79E+12
        平凡的世界全三册      ,9.2,44377,https://img3.doubanio.com/view/subject/l/public/s1066570.jpg, 哈尔滨出版社,2003,9.79E+12
        飘      ,9.3,130221,https://img1.doubanio.com/view/subject/l/public/s1078958.jpg, 译林出版社,2000,9.79E+12
        三国演义全二册      ,9.2,98813,https://img3.doubanio.com/view/subject/l/public/s1076932.jpg, 人民文学出版社,1998,978702000-0000
        王尔德童话      ,9.1,13223,https://img9.doubanio.com/view/subject/l/public/s2019056.jpg, 译林出版社,2003,9.79E+12
        先知      ,9.1,3977,https://img3.doubanio.com/view/subject/l/public/s6846152.jpg, 天津教育出版社,2007,9.79E+12
        加缪文集      ,9.2,2016,https://img1.doubanio.com/view/subject/l/public/s2264339.jpg, 译林出版社,1999,9.79E+12
        维特根斯坦传      ,9.1,5152,https://img9.doubanio.com/view/subject/l/public/s6850776.jpg, 浙江大学出版社,2011,9.79E+12
        新华字典1998年修订本      ,9.2,6857,https://img3.doubanio.com/view/subject/l/public/s1076290.jpg, 商务印书馆,1998,9.79E+12
        我的团长我的团上部      ,9.3,4259,https://img3.doubanio.com/view/subject/l/public/s3510333.jpg, 新星出版社,2009,9.79E+12
        社会性动物      ,9.1,6844,https://img3.doubanio.com/view/subject/l/public/s2783843.jpg, 华东师范大学出版社,2007,9.79E+12
        公正      ,9.1,5599,https://img1.doubanio.com/view/subject/l/public/s4604609.jpg, 中信出版社,2011,9.79E+12
        设计模式      ,9.1,2809,https://img3.doubanio.com/view/subject/l/public/s1074361.jpg, 机械工业出版社,2000,9.79E+12
        人生的智慧      ,9.2,4412,https://img3.doubanio.com/view/subject/l/public/s1332575.jpg, 上海人民出版社,2015,9.79E+12
        什么是数学      ,9.1,3486,https://img3.doubanio.com/view/subject/l/public/s1802550.jpg, 复旦大学出版社,2005,9.79E+12
        三国志全五册      ,9.3,4045,https://img9.doubanio.com/view/subject/l/public/s1145516.jpg, 中华书局,2011,9.79E+12
        夹边沟记事      ,9.2,22535,https://img3.doubanio.com/view/subject/l/public/s3455551.jpg, 花城出版社,2008,9.79E+12
        明朝那些事儿1-9      ,9.1,58066,https://img3.doubanio.com/view/subject/l/public/s3792001.jpg, 中国海关出版社,2009,9.79E+12
        昨日的世界      ,9.2,8290,https://img1.doubanio.com/view/subject/l/public/s1121598.jpg, 广西师范大学出版社,2004,9.79E+12
        唐诗鉴赏辞典      ,9.2,3898,https://img9.doubanio.com/view/subject/l/public/s1015106.jpg, 上海辞书出版社,1999,9.79E+12
        星空      ,9,18507,https://img3.doubanio.com/view/subject/l/public/s4150073.jpg, 大塊文化,2009,9.79E+12
        博尔赫斯小说集      ,9.2,8654,https://img3.doubanio.com/view/subject/l/public/s1466762.jpg, 浙江文艺出版社,2005,9.79E+12
        江城      ,9,31506,https://img3.doubanio.com/view/subject/l/public/s7019913.jpg, 上海译文出版社,2012,9.79E+12
        福尔摩斯探案全集上中下      ,9,2718,https://img3.doubanio.com/view/subject/l/public/s3492980.jpg, 上海人民出版社,2008,9.79E+12
        让爱点亮      ,9,19867,https://img1.doubanio.com/view/subject/l/public/s6790238.jpg, 上海人民出版社,2009,9.79E+12
        美国纽约摄影学院摄影教材上      ,9.1,9949,https://img1.doubanio.com/view/subject/l/public/s2181217.jpg, 中国摄影出版社,2000,9.79E+12
        UNIX编程艺术      ,9,2098,https://img3.doubanio.com/view/subject/l/public/s1631790.jpg, 电子工业出版社,2006,978712000-0000
        追忆似水年华上下册      ,9.1,2633,https://img3.doubanio.com/view/subject/l/public/s1989055.jpg, 译林出版社,2001,9.79E+12
        忧郁的热带      ,9.1,2892,https://img3.doubanio.com/view/subject/l/public/s1817185.jpg, 生活·读书·新知三联书店,2005,9.79E+12
        狂热分子      ,9,8578,https://img1.doubanio.com/view/subject/l/public/s28036829.jpg, 广西师范大学出版社,2011,9.79E+12
        中国历代政治得失      ,9.2,34932,https://img1.doubanio.com/view/subject/l/public/s1067497.jpg, 生活·读书·新知三联书店,2001,9.79E+12
        营销管理      ,9,1874,https://img1.doubanio.com/view/subject/l/public/s1871747.jpg, 上海人民出版社,2006,9.79E+12
        爱心树      ,9.1,3544,https://img3.doubanio.com/view/subject/l/public/s1112624.jpg, 南海出版公司,2003,9.79E+12
        活着      ,9.1,84584,https://img3.doubanio.com/view/subject/l/public/s1469173.jpg, 上海文艺出版社,2004,9.79E+12
        好妈妈胜过好老师      ,9,8557,https://img1.doubanio.com/view/subject/l/public/s3615018.jpg, 作家出版社,2009,9.79E+12
        我在伊朗长大3      ,9.2,1778,https://img3.doubanio.com/view/subject/l/public/s1640990.jpg, 生活·读书·新知三联书店,2006,9.79E+12
        父与子全集      ,9.2,32886,https://img1.doubanio.com/view/subject/l/public/s1094608.jpg, 中国工人出版社,2003,9.79E+12
        被爱路过      ,9,5651,https://img3.doubanio.com/view/subject/l/public/s24397222.jpg, 上海人民出版社,2007,9.79E+12
        子猫絮语      ,9.1,2688,https://img9.doubanio.com/view/subject/l/public/s3842836.jpg, 南海出版公司,2009,9.79E+12
        动物农场      ,9.2,68474,https://img3.doubanio.com/view/subject/l/public/s2347590.jpg, 上海译文出版社,2007,9.79E+12
        沉默的大多数      ,9.1,80402,https://img1.doubanio.com/view/subject/l/public/s1447349.jpg, 中国青年出版社,1997,9.79E+12
        阿狸·梦之城堡      ,9,31327,https://img3.doubanio.com/view/subject/l/public/s3721175.jpg, 上海锦绣文章出版社,2009,9.79E+12
        活着      ,9.1,186024,https://img3.doubanio.com/view/subject/l/public/s23836852.jpg, 南海出版公司,1998,9.79E+12
        小王子      ,9,469012,https://img3.doubanio.com/view/subject/l/public/s1103152.jpg, 人民文学出版社,2003,978702000-0000
        白夜行      ,9.1,406399,https://img3.doubanio.com/view/subject/l/public/s4610502.jpg, 南海出版公司,2008,9.79E+12
        东方快车谋杀案      ,9,77700,https://img1.doubanio.com/view/subject/l/public/s1765799.jpg, 人民文学出版社,2006,978702000-0000
        傲慢与偏见      ,9,30145,https://img1.doubanio.com/view/subject/l/public/s27017338.jpg, 上海译文出版社,1996,9.79E+12
        我的精神家园      ,9,33362,https://img9.doubanio.com/view/subject/l/public/s1768916.jpg, 生活·读书·新知三联书店,1997,9.79E+12
        历史深处的忧虑      ,9.1,12798,https://img3.doubanio.com/view/subject/l/public/s1785715.jpg, 机械工业出版社,2003,9.79E+12
        十万个为什么      ,9.1,9665,https://img1.doubanio.com/view/subject/l/public/s2619779.jpg, 少年儿童出版社,1962,NULL
        象棋的故事      ,9,7135,https://img3.doubanio.com/view/subject/l/public/s2897060.jpg, 上海译文出版社,2007,9.79E+12
        沉默的大多数      ,9,13733,https://img9.doubanio.com/view/subject/l/public/s1727466.jpg, 北方文艺出版社,2006,9.79E+12
        嫌疑人X的献身      ,9,44442,https://img3.doubanio.com/view/subject/l/public/s7049655.jpg, 南海出版公司,2009,9.79E+12
        全本新注聊斋志异全三册      ,9.1,3151,https://img3.doubanio.com/view/subject/l/public/s2242061.jpg, 人民文学出版社,1989,978702000-0000
        楚辞      ,9.1,2949,https://img9.doubanio.com/view/subject/l/public/s9846666.jpg, 山西古籍出版社,2003,9.79E+12
        2001太空漫游      ,9.1,5642,https://img3.doubanio.com/view/subject/l/public/s2798862.jpg, 上海人民出版社,2007,9.79E+12
        你一生的故事      ,9,6818,https://img9.doubanio.com/view/subject/l/public/s25996026.jpg, 四川科学技术出版社,2005,9.79E+12
        你看起来好像很好吃      ,9.1,7412,https://img9.doubanio.com/view/subject/l/public/s2084206.jpg, 北京少年儿童出版社,2004,9.79E+12
        三毛流浪记全集      ,9.2,2699,https://img3.doubanio.com/view/subject/l/public/s1350872.jpg, 少年儿童出版社,1995,9.79E+12
        三毛从军记全集      ,9,4078,https://img3.doubanio.com/view/subject/l/public/s2579020.jpg, 同济大学出版社,1990,9.79E+12
        金色梦乡      ,9,16216,https://img3.doubanio.com/view/subject/l/public/s4444885.jpg, 译林出版社,2010,9.79E+12
        寻路中国      ,9,37346,https://img1.doubanio.com/view/subject/l/public/s32271209.jpg, 上海译文出版社,2011,9.79E+12
        规训与惩罚      ,9.2,5024,https://img1.doubanio.com/view/subject/l/public/s2522397.jpg, 生活·读书·新知三联书店,2003,9.79E+12
        刀锋      ,9,45447,https://img3.doubanio.com/view/subject/l/public/s2347562.jpg, 上海译文出版社,2007,9.79E+12
        父亲的战场      ,8.9,1403,https://img3.doubanio.com/view/subject/l/public/s4145813.jpg, 山西人民出版社,2009,97872000-00000
        海伯利安      ,9,4523,https://img9.doubanio.com/view/subject/l/public/s2369996.jpg, 万卷出版公司,2007,9.79E+12
        大师和玛格丽特      ,9,3509,https://img9.doubanio.com/view/subject/l/public/s2312776.jpg, 人民文学出版社,2004,978702000-0000
        我也有一个梦想      ,9,12039,https://img3.doubanio.com/view/subject/l/public/s2170315.jpg, 生活·读书·新知三联书店,2004,9.79E+12
        人间词话      ,9,31486,https://img1.doubanio.com/view/subject/l/public/s9130587.jpg, 上海古籍出版社,1998,9.79E+12
        聖經      ,9,14406,https://img1.doubanio.com/view/subject/l/public/s1677577.jpg, 中国基督教协会,1996,NULL
        传统十论      ,9.3,2943,https://img1.doubanio.com/view/subject/l/public/s10352277.jpg, 北京十月文艺出版社,2012,9.79E+12
        受戒      ,8.9,57829,https://img3.doubanio.com/view/subject/l/public/s28668834.jpg, 江苏凤凰文艺出版社,2016,9.79E+12
        独裁者手册      ,8.8,4531,https://img9.doubanio.com/view/subject/l/public/s27293486.jpg, 江苏文艺出版社,2014,9.79E+12
        海洋帝国      ,9,2778,https://img1.doubanio.com/view/subject/l/public/s28342679.jpg, 社会科学文献出版社·甲骨文,2014,9.79E+12
        甲骨文      ,9.1,2138,https://img3.doubanio.com/view/subject/l/public/s2400703.jpg, 久周出版,2007,9.79E+12
        我是霸王龙      ,9.1,1863,https://img3.doubanio.com/view/subject/l/public/s1057465.jpg, 北京少年儿童出版社,2004,9.79E+12
        杀死一只知更鸟      ,9.2,52511,https://img3.doubanio.com/view/subject/l/public/s23128183.jpg, 译林出版社,2012,9.79E+12
        柳如是别传全三册      ,9.1,1251,https://img3.doubanio.com/view/subject/l/public/s2180824.jpg, 生活·读书·新知三联书店,2001,9.79E+12
        灯塔      ,9.1,6669,https://img1.doubanio.com/view/subject/l/public/s28369978.jpg, 北京联合出版公司·后浪出版公司,2016,9.79E+12
        万水千山走遍      ,9,5904,https://img1.doubanio.com/view/subject/l/public/s3752378.jpg, 北京十月文艺出版社,2009,9.79E+12
        The Ph.D. Grind      ,9.1,1448,https://img3.doubanio.com/view/subject/l/public/s25802111.jpg, Clearway Logistics Phase 1a,2012,9.78E+12
        金枝      ,9,1660,https://img3.doubanio.com/view/subject/l/public/s3559585.jpg, 大众文艺出版社,1998,9.79E+12
        丰饶之海上下      ,9.2,1622,https://img3.doubanio.com/view/subject/l/public/s1078614.jpg, 北京燕山出版社,2001,9.79E+12
        魔戒      ,9.5,3035,https://img1.doubanio.com/view/subject/l/public/s27063429.jpg, 上海人民出版社,2013,9.79E+12
        斐多      ,9,2225,https://img3.doubanio.com/view/subject/l/public/s29923640.jpg, 生活·读书·新知三联书店,2011,9.79E+12
        顾城哲思录      ,9.1,1655,https://img3.doubanio.com/view/subject/l/public/s11133943.jpg, 重庆出版社,2012,9.79E+12
        韦伯作品集Ⅻ:新教伦理与资本主义精神      ,9.1,1217,https://img3.doubanio.com/view/subject/l/public/s2610504.jpg, 广西师范大学出版社,2007,9.79E+12
        孤城闭      ,9,2034,https://img3.doubanio.com/view/subject/l/public/s3989464.jpg, 新世界出版社,2009,9.79E+12
        传习录      ,9.3,2036,https://img3.doubanio.com/view/subject/l/public/s3451090.jpg, 中州古籍出版社,2008,9.79E+12
        C Primer Plus      ,9.1,1782,https://img3.doubanio.com/view/subject/l/public/s1308874.jpg, 人民邮电出版社,2005,9.79E+12
        万历十五年增订本      ,9.1,18125,https://img3.doubanio.com/view/subject/l/public/s3670063.jpg, 中华书局,2007,9.79E+12
        论法的精神上      ,9,1449,https://img3.doubanio.com/view/subject/l/public/s1011423.jpg, 商务印书馆,1961,9.79E+12
        江村经济      ,9.4,3972,https://img1.doubanio.com/view/subject/l/public/s5770588.jpg, 宇河文化,2011,9.79E+12
        麒麟之与子同袍      ,9.1,1646,https://img1.doubanio.com/view/subject/l/public/s6518949.jpg, 上海译文出版社,2010,9.79E+12
        快乐王子      ,9.1,2534,https://img3.doubanio.com/view/subject/l/public/s4355770.jpg, 上海文艺出版社,2012,9.79E+12
        羊道·深山夏牧场      ,9.2,6823,https://img3.doubanio.com/view/subject/l/public/s11337793.jpg, 上海文艺出版社,2007,9.79E+12
        羊道·前山夏牧场      ,9.1,2596,https://img1.doubanio.com/view/subject/l/public/s5763939.jpg, 上海文艺出版社,2012,9.79E+12
        英语魔法师之语法俱乐部      ,9.5,3131,https://img3.doubanio.com/view/subject/l/public/s11337784.jpg, 九州出版社,2001,9.79E+12
        编码的奥秘      ,9.3,1344,https://img1.doubanio.com/view/subject/l/public/s29653377.jpg, 机械工业出版社,2000,9.79E+12
        天人五衰      ,9,2299,https://img3.doubanio.com/view/subject/l/public/s26535990.jpg, 上海译文出版社,2011,9.79E+12
        给青年诗人的信      ,9.1,1377,https://img3.doubanio.com/view/subject/l/public/s2579305.jpg, 上海译文出版社,2011,9.79E+12
        JavaScript语言精粹      ,9.1,1800,https://img1.doubanio.com/view/subject/l/public/s4670398.jpg, 电子工业出版社,2009,9.79E+12
        芥川龙之介全集      ,9.3,1502,https://img3.doubanio.com/view/subject/l/public/s3651235.jpg, 山东文艺出版社,2005,9.79E+12
        集体智慧编程      ,9,1442,https://img3.doubanio.com/view/subject/l/public/s24477033.jpg, 电子工业出版社,2009,9.79E+12
        棋王.樹王.孩子王      ,9.1,4538,https://img3.doubanio.com/view/subject/l/public/s3350961.jpg, 大地,2007,9.79E+12
        电影是什么？      ,9,1546,https://img3.doubanio.com/view/subject/l/public/s4026841.jpg, 文化艺术出版社,2008,9.79E+12
        我想去看海      ,9.1,1547,https://img1.doubanio.com/view/subject/l/public/s3336838.jpg, 二十一世纪出版社,2006,9.79E+12
        香初上舞·终上      ,9,4312,https://img3.doubanio.com/view/subject/l/public/s9038435.jpg, 广西人民出版社,2005,9.79E+12
        香初上舞·再上      ,9,3957,https://img3.doubanio.com/view/subject/l/public/s1560012.jpg, 广西人民出版社,2005,9.79E+12
        美语音标      ,9.6,2052,https://img1.doubanio.com/view/subject/l/public/s1280729.jpg, 外文出版社,2010,9.79E+12
        人生的枷锁      ,9,3251,https://img3.doubanio.com/view/subject/l/public/s6107711.jpg, 上海译文出版社,2011,9.79E+12
        金庸全集      ,9.6,3153,https://img3.doubanio.com/view/subject/l/public/s6385895.jpg, 生活·读书·新知三联书店,1994,9.79E+12
        毛泽东选集      ,9.2,6202,https://img3.doubanio.com/view/subject/l/public/s3657325.jpg, 人民出版社,1991,9.79E+12
        庄子今注今译全三册      ,9.3,1791,https://img3.doubanio.com/view/subject/l/public/s5804333.jpg, 中华书局,2009,9.79E+12
        庄子諵譁下      ,9.2,4796,https://img1.doubanio.com/view/subject/l/public/s2663678.jpg, 人民文学出版社,1973,NULL
        故事新编      ,9.3,1998,https://img3.doubanio.com/view/subject/l/public/s29834872.jpg, 人民文学出版社,2005,9.79E+12
        汪曾祺小说经典      ,9.1,2831,https://img1.doubanio.com/view/subject/l/public/s1528318.jpg, 人民邮电出版社,2010,9.79E+12
        鸟哥的Linux私房菜      ,9.1,2184,https://img1.doubanio.com/view/subject/l/public/s4399937.jpg, 南海出版公司,2010,9.79E+12
        夏宇詩集／腹語術      ,9.1,1622,https://img1.doubanio.com/view/subject/l/public/s6204569.jpg, 現代詩,1991,9.79E+12
        海子诗全集      ,9.2,8063,https://img3.doubanio.com/view/subject/l/public/s1381574.jpg, 作家出版社,2009,9.79E+12
        约翰·克利斯朵夫共四册      ,9.1,2781,https://img3.doubanio.com/view/subject/l/public/s3670242.jpg, 人民文学出版社,1957,NULL
        牡丹亭      ,9.1,2179,https://img1.doubanio.com/view/subject/l/public/s4088678.jpg, 人民文学出版社,2005,9.79E+12
        历史研究      ,9.1,1667,https://img1.doubanio.com/view/subject/l/public/s1340599.jpg, 上海人民出版社,2005,9.79E+12
        德米安      ,9,11563,https://img3.doubanio.com/view/subject/l/public/s1323443.jpg, 上海人民出版社,2009,9.79E+12
        雕刻时光      ,9,4321,https://img3.doubanio.com/view/subject/l/public/s3979854.jpg, 人民文学出版社,2003,9.79E+12
        改变心理学的40项研究      ,9.3,2783,https://img3.doubanio.com/view/subject/l/public/s10297305.jpg, 人民邮电出版社,2010,9.79E+12
        死屋手记      ,9.1,2019,https://img3.doubanio.com/view/subject/l/public/s27276912.jpg, 人民文学出版社,2011,9.79E+12
        纪伯伦诗集      ,9.1,1762,https://img3.doubanio.com/view/subject/l/public/s6537792.jpg, 北京出版社,2006,9.79E+12
        沙与沫      ,9.1,1607,https://img3.doubanio.com/view/subject/l/public/s6451765.jpg, 哈尔滨出版社,2004,9.79E+12
        被淹没和被拯救的      ,9.2,2951,https://img1.doubanio.com/view/subject/l/public/s3474877.jpg, 三辉图书/上海三联书店,2013,9.79E+12
        海风中失落的血色馈赠      ,9.1,7011,https://img3.doubanio.com/view/subject/l/public/s25808310.jpg, 上海文艺出版社,2015,9.79E+12
        切尔诺贝利的悲鸣      ,9.1,7444,https://img3.doubanio.com/view/subject/l/public/s28061231.jpg, 花城出版社,2015,9.79E+12
        极简宇宙史      ,9.1,5851,https://img3.doubanio.com/view/subject/l/public/s28323992.jpg, 上海三联书店,2016,9.79E+12
        追忆似水年华      ,9.2,3376,https://img3.doubanio.com/view/subject/l/public/s28453934.jpg, 译林出版社,2012,9.79E+12
        我们时代的神经症人格      ,9,3299,https://img3.doubanio.com/view/subject/l/public/s10279533.jpg, 译林出版社,2011,9.79E+12
        活着为了讲述      ,9,6940,https://img9.doubanio.com/view/subject/l/public/s6536156.jpg, 南海出版公司,2016,9.79E+12
        二手时间      ,8.8,10913,https://img3.doubanio.com/view/subject/l/public/s28606305.jpg, 中信出版社,2016,9.79E+12
        心经      ,9.6,1712,https://img3.doubanio.com/view/subject/l/public/s28397415.jpg, 宗教文化出版社,2006,9.79E+12
        毛毛      ,9.4,1319,https://img3.doubanio.com/view/subject/l/public/s26552512.jpg, 台湾尖端出版社,1995,9.79E+12
        银河英雄传说      ,9.1,2312,https://img3.doubanio.com/view/subject/l/public/s2361994.jpg, 香港三聯,2000,9.79E+12
        受戒      ,9.1,9634,https://img1.doubanio.com/view/subject/l/public/s4048689.jpg, 上海译文出版社,2013,9.79E+12
        局外人      ,9.1,6658,https://img3.doubanio.com/view/subject/l/public/s27003183.jpg, 新星出版社,2013,9.79E+12
        一个叫欧维的男人决定去死      ,9,25395,https://img3.doubanio.com/view/subject/l/public/s27115721.jpg, 四川文艺出版社,2015,9.79E+12
        记忆与印象      ,9,1328,https://img3.doubanio.com/view/subject/l/public/s29071620.jpg, 北京出版社,2004,9.79E+12
        新月集·飞鸟集      ,9.1,1285,https://img3.doubanio.com/view/subject/l/public/s1257163.jpg, 北京十月文艺出版社,2009,9.79E+12
        乱世佳人上、下      ,9.4,6082,https://img3.doubanio.com/view/subject/l/public/s3958385.jpg, 上海译文出版社,1997,9.79E+12
        温柔的夜      ,9.1,6746,https://img3.doubanio.com/view/subject/l/public/s1203052.jpg, 北京十月文艺出版社,2009,9.79E+12
        Effective C++中文版      ,9.2,1342,https://img3.doubanio.com/view/subject/l/public/s3734480.jpg, 华中科技大学出版社,2001,9.79E+12
        阿拉伯的劳伦斯      ,9.1,2869,https://img3.doubanio.com/view/subject/l/public/s1441361.jpg, 社会科学文献出版社,2014,9.79E+12
        重构      ,9,1729,https://img1.doubanio.com/view/subject/l/public/s27435757.jpg, 人民邮电出版社,2010,9.79E+12
        中国哲学简史      ,9.1,1047,https://img3.doubanio.com/view/subject/l/public/s4157180.jpg, 天津社会科学院出版社,2005,9.79E+12
        傅山的世界      ,9,1338,https://img3.doubanio.com/view/subject/l/public/s1914405.jpg, 生活·读书·新知三联书店,2006,9.79E+12
        C和指针      ,9,1379,https://img3.doubanio.com/view/subject/l/public/s1728390.jpg, 人民邮电出版社,2008,9.79E+12
        備忘錄      ,9.1,1189,https://img1.doubanio.com/view/subject/l/public/s2996168.jpg, 科华图书出版公司,1987,9.79E+12
        论自由      ,9.4,2779,https://img3.doubanio.com/view/subject/l/public/s3245130.jpg, 广西师范大学出版社,2011,9.79E+12
        有匪1      ,8.9,7775,https://img1.doubanio.com/view/subject/l/public/s1474849.jpg, 湖南文艺出版社,2016,9.79E+12
        大明王朝1566      ,9.1,3272,https://img3.doubanio.com/view/subject/l/public/s29087935.jpg, 人民文学出版社,2007,9.79E+12
        黄金时代      ,9,1303,https://img1.doubanio.com/view/subject/l/public/s5757417.jpg, 上海三联书店,2008,9.79E+12
        麒麟之生死與共      ,9.1,2017,https://img3.doubanio.com/pics/10k.jpg, 广西师范大学出版社,2014,9.79E+12
        沈从文的后半生      ,8.9,17106,https://img1.doubanio.com/view/subject/l/public/s6781748.jpg, 江苏凤凰文艺出版社,2017,9.79E+12
        世界的凛冬      ,9.1,4133,https://img1.doubanio.com/view/subject/l/public/s28322337.jpg, 上海文艺出版社,2016,9.79E+12
        人鼠之间      ,9,9449,https://img1.doubanio.com/view/subject/l/public/s29331058.jpg, 江西人民出版社,2016,9.79E+12
        面纱      ,9,1523,https://img3.doubanio.com/view/subject/l/public/s28336612.jpg, 上海译文出版社,2010,9.79E+12
        欲望号街车      ,9.2,1477,https://img3.doubanio.com/view/subject/l/public/s28561075.jpg, 复旦大学出版社,2003,9.79E+12
        哲学研究      ,9,1387,https://img3.doubanio.com/view/subject/l/public/s6158774.jpg, 上海人民出版社,2005,9.79E+12
        海伯利安的陨落      ,8.9,1803,https://img3.doubanio.com/view/subject/l/public/s10263842.jpg, 吉林出版集团有限责任公司,2014,9.79E+12
        海伯利安      ,9.2,4566,https://img3.doubanio.com/view/subject/l/public/s1322641.jpg, 吉林出版集团有限责任公司,2014,9.79E+12
        唐宋词十七讲      ,9.1,2802,https://img9.doubanio.com/view/subject/l/public/s27537756.jpg, 北京大学出版社,2015,9.79E+12
        经济解释卷一： 科学说需求 神州增订版      ,9,1231,https://img3.doubanio.com/view/subject/l/public/s27537735.jpg, 中信出版社,2010,9.79E+12
        管锥编全五册      ,9.3,1212,https://img1.doubanio.com/view/subject/l/public/s2190377.jpg, 中华书局,1979,9.79E+12
        罗生门      ,9.1,4084,https://img3.doubanio.com/view/subject/l/public/s6500083.jpg, 云南人民出版社,2015,9.79E+12
        我与地坛      ,9,43245,https://img3.doubanio.com/view/subject/l/public/s1057173.jpg, 春风文艺出版社,2002,9.79E+12
        這些人，那些事      ,9,4378,https://img3.doubanio.com/view/subject/l/public/s28302171.jpg, 圓神出版社有限公司,2010,9.79E+12
        叔本华思想随笔      ,9.1,2219,https://img1.doubanio.com/view/subject/l/public/s1151479.jpg, 上海人民出版社,2005,9.79E+12
        斯·茨威格中短篇小说选      ,9.1,2659,https://img1.doubanio.com/view/subject/l/public/s4510109.jpg, 人民文学出版社,2006,9.79E+12
        毛姆短篇小说精选集      ,9.1,7176,https://img3.doubanio.com/view/subject/l/public/s1317602.jpg, 译林出版社,2012,9.79E+12
        阿勒泰的角落      ,9.1,9398,https://img1.doubanio.com/view/subject/l/public/s2059828.jpg, 万卷出版公司,2010,9.79E+12
        四世同堂      ,9.3,10034,https://img9.doubanio.com/view/subject/l/public/s24174596.jpg, 北京十月文艺出版社,2008,9.79E+12
        基督山伯爵上下册      ,9.2,11190,https://img3.doubanio.com/view/subject/l/public/s6185540.jpg, 上海译文出版社,2007,9.79E+12
        卡尔维诺文集第五卷      ,9,3036,https://img1.doubanio.com/view/subject/l/public/s3424257.jpg, 译林出版社,2001,9.79E+12
        黄金时代 白银时代      ,9.1,2575,https://img3.doubanio.com/view/subject/l/public/s1910975.jpg, 中国青年出版社,2001,9.79E+12
        艺术的故事      ,9.6,11614,https://img1.doubanio.com/view/subject/l/public/s1672367.jpg, 广西美术出版社,,9.79E+12
